epoch,time,train/box_loss,train/cls_loss,train/dfl_loss,metrics/precision(B),metrics/recall(B),metrics/mAP50(B),metrics/mAP50-95(B),val/box_loss,val/cls_loss,val/dfl_loss,lr/pg0,lr/pg1,lr/pg2
1,1973.85,1.91478,1.48921,1.07334,0.09155,0.03958,0.00805,0.00183,3.43683,5.41581,1.22005,0.000661417,0.000661417,0.000661417
2,3952.35,1.94696,1.18613,1.12549,0.16455,0.02413,0.00966,0.00261,2.0979,7.89411,1.18996,0.00131494,0.00131494,0.00131494
3,5903.51,1.97767,1.24154,1.10609,0.00204,0.06274,0.00039,7e-05,4.20703,11.9163,1.37181,0.00195525,0.00195525,0.00195525
4,7833.21,1.94415,1.16503,1.10671,0.07443,0.01737,0.00475,0.0012,2.21609,7.89279,1.03673,0.0019406,0.0019406,0.0019406
5,9743.28,1.88531,1.07603,1.08122,0.09406,0.00579,0.00546,0.00151,4.25195,7.40625,1.34079,0.0019208,0.0019208,0.0019208
6,11668.4,1.84681,1.07453,1.07225,0.07746,0.01737,0.00475,0.00063,2.82584,6.72863,1.14729,0.001901,0.001901,0.001901
7,13611.8,1.85421,1.06254,1.05497,0.13522,0.01158,0.00318,0.00069,2.01086,9.63558,1.00846,0.0018812,0.0018812,0.0018812
8,15540.7,1.81317,1.03075,1.04522,0.02982,0.00772,0.00178,0.00054,2.93548,9.47346,1.16523,0.0018614,0.0018614,0.0018614
9,17443.8,1.77215,1.01319,1.02755,0.06499,0.01737,0.0027,0.00073,2.84545,11.3466,1.11892,0.0018416,0.0018416,0.0018416
10,19362.2,1.78206,0.99411,1.02278,0.09059,0.02124,0.00752,0.00277,3.82207,5.21019,1.23901,0.0018218,0.0018218,0.0018218
11,21251.9,1.72698,0.98458,1.03004,0.0019,0.00869,7e-05,1e-05,3.1155,14.473,1.20671,0.001802,0.001802,0.001802
12,23151.5,1.75146,0.98635,1.0192,0.01712,0.01158,0.002,0.00049,1.93228,14.3783,0.92443,0.0017822,0.0017822,0.0017822
13,25057.5,1.69488,0.97562,1.00645,0.09357,0.01255,0.00479,0.00095,2.545,5.51469,1.0452,0.0017624,0.0017624,0.0017624
14,26936.8,1.68908,0.94169,1.00759,0.30294,0.01062,0.00615,0.0011,2.68323,5.17129,1.09003,0.0017426,0.0017426,0.0017426
15,28833.1,1.66556,0.9441,1.00037,0.00449,0.01255,0.00018,3e-05,2.90142,13.898,1.11248,0.0017228,0.0017228,0.0017228
16,30730.9,1.66369,0.92781,0.99562,0.01408,0.00676,0.00053,9e-05,3.72822,8.28,1.33457,0.001703,0.001703,0.001703
17,32611.8,1.6456,0.92848,1.0007,0.0032,0.00676,0.00012,2e-05,2.23233,11.8576,1.00529,0.0016832,0.0016832,0.0016832
18,34492.8,1.63888,0.92511,0.99531,0.06964,0.01255,0.00353,0.00098,2.26254,6.18048,1.00181,0.0016634,0.0016634,0.0016634
19,36400,1.65217,0.92361,0.98201,0.01389,0.00965,0.00108,0.00018,2.58664,14.1945,1.06476,0.0016436,0.0016436,0.0016436
20,38312.1,1.60232,0.90833,0.99452,0.13415,0.01834,0.00569,0.00129,2.16024,3.75533,0.999,0.0016238,0.0016238,0.0016238
21,40228.5,1.58161,0.87922,0.97818,0.00293,0.04826,0.00159,0.00027,2.71646,5.68257,1.18264,0.001604,0.001604,0.001604
22,42156.9,1.59707,0.88087,0.97708,0.00293,0.02124,0.00024,7e-05,3.69911,7.68538,1.17727,0.0015842,0.0015842,0.0015842
23,44096.6,1.54238,0.83478,0.96788,0.01238,0.00869,0.0005,0.00015,3.60992,6.68141,1.20483,0.0015644,0.0015644,0.0015644
24,46048.6,1.52502,0.8454,0.97489,0.04713,0.01544,0.00533,0.00118,2.3262,6.61067,0.99241,0.0015446,0.0015446,0.0015446
25,48010.9,1.56474,0.87261,0.96024,0.06805,0.01255,0.00613,0.00219,3.2515,7.95988,1.18097,0.0015248,0.0015248,0.0015248
26,49955.1,1.55774,0.85815,0.97332,0.0138,0.00483,0.00511,0.00252,1.85332,6.60612,0.88546,0.001505,0.001505,0.001505
27,51908.2,1.5591,0.86109,0.96832,0.1403,0.01158,0.00745,0.00145,2.01463,3.91626,0.90663,0.0014852,0.0014852,0.0014852
28,53878.2,1.54225,0.85446,0.96587,0.0108,0.00869,0.00142,0.0004,3.33603,8.26444,1.26198,0.0014654,0.0014654,0.0014654
29,55830.5,1.51346,0.83368,0.9655,0.29494,0.01898,0.01318,0.00309,2.45965,6.70101,1.07088,0.0014456,0.0014456,0.0014456
30,57794,1.51156,0.84279,0.95246,0.09525,0.01737,0.0069,0.00246,3.62428,6.92537,1.24498,0.0014258,0.0014258,0.0014258
31,59739.5,1.52433,0.83404,0.95428,0.06984,0.01544,0.00432,0.00095,3.84799,5.70321,1.33827,0.001406,0.001406,0.001406
32,61709.8,1.50656,0.84377,0.9607,0.15869,0.00965,0.0049,0.00126,3.56069,5.49721,1.29307,0.0013862,0.0013862,0.0013862
33,63679.4,1.51011,0.8182,0.9607,0.1824,0.01544,0.00723,0.00208,3.69773,5.76396,1.26672,0.0013664,0.0013664,0.0013664
34,65640.4,1.52666,0.83749,0.96472,0.06961,0.01255,0.00427,0.00112,2.18986,4.37934,0.9556,0.0013466,0.0013466,0.0013466
35,67614,1.47599,0.81565,0.94965,0.01641,0.01544,0.00315,0.00078,4.17215,7.01173,1.29755,0.0013268,0.0013268,0.0013268
36,69566.9,1.43767,0.78445,0.94881,0.12068,0.01737,0.0066,0.00142,2.75371,4.99227,1.09577,0.001307,0.001307,0.001307
37,71524.9,1.47543,0.7981,0.94876,0.16907,0.02124,0.01215,0.00363,3.17624,5.72641,1.17524,0.0012872,0.0012872,0.0012872
38,73507.1,1.48483,0.80507,0.94449,0.12064,0.01834,0.00738,0.00184,3.97109,5.72243,1.25716,0.0012674,0.0012674,0.0012674
39,75466.3,1.4601,0.78611,0.95554,0.00281,0.07529,0.00112,0.00042,4.05523,6.21174,1.34344,0.0012476,0.0012476,0.0012476
40,77428.1,1.49642,0.80837,0.94056,0.31756,0.02027,0.01798,0.00503,2.44578,4.63019,0.9968,0.0012278,0.0012278,0.0012278
41,79425.2,1.4271,0.78385,0.94095,0.04161,0.01351,0.00454,0.00147,2.50607,6.15765,1.02224,0.001208,0.001208,0.001208
42,81405.7,1.44278,0.78356,0.94369,0.13164,0.01158,0.0052,0.00164,3.57639,6.50489,1.24643,0.0011882,0.0011882,0.0011882
43,83381.6,1.41457,0.76534,0.9424,0.00341,0.03764,0.00079,0.00021,4.1512,5.86572,1.27782,0.0011684,0.0011684,0.0011684
44,85362.6,1.43767,0.77082,0.94055,0.16329,0.01931,0.00998,0.00309,2.45328,5.09859,1.04914,0.0011486,0.0011486,0.0011486
45,87333.5,1.42396,0.7707,0.92455,0.19262,0.00965,0.00755,0.00222,2.84305,6.28087,1.16055,0.0011288,0.0011288,0.0011288
46,89318.7,1.44989,0.77279,0.93924,0.20858,0.01857,0.01578,0.00348,4.44884,5.90293,1.41729,0.001109,0.001109,0.001109
47,91312.1,1.40983,0.74627,0.9306,0.10677,0.02027,0.01072,0.00322,3.42036,5.84844,1.20441,0.0010892,0.0010892,0.0010892
48,93280.6,1.42933,0.76401,0.92785,0.03867,0.04826,0.00887,0.00233,2.64717,4.19554,1.05343,0.0010694,0.0010694,0.0010694
49,95256,1.39124,0.73629,0.9291,0.18133,0.01062,0.00797,0.00315,4.43949,6.0996,1.36151,0.0010496,0.0010496,0.0010496
50,97242.2,1.38618,0.74601,0.92428,0.10053,0.01284,0.00524,0.00107,4.1344,5.14618,1.3075,0.0010298,0.0010298,0.0010298
51,99205.3,1.38672,0.74343,0.9373,0.21595,0.01834,0.00984,0.00238,3.73383,5.17269,1.32634,0.00101,0.00101,0.00101
52,101175,1.38511,0.72686,0.92994,0.27449,0.02082,0.01535,0.00338,4.25826,5.94491,1.40145,0.0009902,0.0009902,0.0009902
53,103135,1.38481,0.72916,0.92294,0.0276,0.12645,0.01303,0.00255,4.29271,4.54979,1.40813,0.0009704,0.0009704,0.0009704
54,105099,1.35776,0.7153,0.92931,0.04299,0.06274,0.01449,0.00281,3.97565,6.33654,1.33643,0.0009506,0.0009506,0.0009506
55,107070,1.38761,0.74277,0.92591,0.183,0.02124,0.01265,0.00313,3.83622,5.44153,1.28106,0.0009308,0.0009308,0.0009308
56,109036,1.31745,0.705,0.9294,0.0237,0.09459,0.00955,0.00222,3.38348,4.64921,1.23452,0.000911,0.000911,0.000911
57,110990,1.37791,0.71344,0.92089,0.18015,0.01351,0.01063,0.00281,3.9196,6.56504,1.33097,0.0008912,0.0008912,0.0008912
58,112936,1.35204,0.705,0.9059,0.39147,0.01737,0.01633,0.00461,3.97312,6.55298,1.36151,0.0008714,0.0008714,0.0008714
59,114925,1.33759,0.7052,0.92238,0.38486,0.0251,0.01878,0.0047,3.44767,6.20322,1.23554,0.0008516,0.0008516,0.0008516
60,116881,1.36027,0.71628,0.91955,0.28478,0.01641,0.01467,0.00453,3.75331,5.37205,1.28374,0.0008318,0.0008318,0.0008318
